run_date,symbol,role,latest_date,rows,classification,passed_checks,total_checks,score_pct,failed_checks,reason,market_ok,trend_ok,setup_ok,signal_ok,enough_data,indicators_ok,price_ok,volume_ok,close_above_sma200,sma50_above_sma200,distance_sma50_ok,pullback_ok,bullish_turn_ok,close_upper_half,recent_low_near_ema20_or_sma50,recent_close_above_sma50,recent_correction_ok,qty_ok,risk_per_share_ok,close,ema20,sma50,sma200,atr14,avg_vol20,dist_sma50_pct,entry_stop,stop_loss,risk_per_share,target_2r,qty,max_allowed_open_price
2026-10-09,AAPL,candidate,2026-10-08,254,almost_valid,11,12,91.67,"[""pullback_ok""]","Tiene tendencia y parte del setup, pero le falta alguna condición final.",True,True,False,False,True,True,True,True,True,True,True,False,True,True,True,True,False,True,True,340.42,332.9358,322.2866,290.0703,6.235,38412950.0,0.0563,341.9116,335.2765,6.6351,355.1817,7.0,345.3307
2026-10-09,AMZN,candidate,2026-10-08,254,trend_only,10,12,83.33,"[""pullback_ok"", ""bullish_turn_ok""]","Cumple tendencia, pero todavía no hay retroceso/vela señal válida.",True,True,False,False,True,True,True,True,True,True,True,False,False,False,False,False,True,True,True,254.06,253.0086,258.557,241.9815,5.4257,36655600.0,-0.0174,260.1198,253.2374,6.8824,273.8847,7.0,262.721
2026-10-09,BBVA.MC,candidate,2026-10-07,257,trend_only,10,12,83.33,"[""pullback_ok"", ""bullish_turn_ok""]","Cumple tendencia, pero todavía no hay retroceso/vela señal válida.",True,True,False,False,True,True,True,True,True,True,True,False,False,False,False,False,True,True,True,23.43,24.5368,24.7818,21.0711,0.6079,7919125.0,-0.0545,24.044,23.1792,0.8648,25.7736,57.0,24.2845
2026-10-09,CABK.MC,candidate,2026-10-07,257,trend_only,10,12,83.33,"[""pullback_ok"", ""bullish_turn_ok""]","Cumple tendencia, pero todavía no hay retroceso/vela señal válida.",True,True,False,False,True,True,True,True,True,True,True,False,False,False,False,False,True,True,True,11.925,12.6529,12.923,11.4479,0.3468,7146162.0,-0.0772,12.2823,11.7753,0.5069,13.2962,98.0,12.4051
2026-10-09,FER.MC,candidate,2026-10-07,257,rejected,8,12,66.67,"[""close_above_sma200"", ""sma50_above_sma200"", ""pullback_ok"", ""bullish_turn_ok""]",No cumple los filtros mínimos de tendencia/liquidez/precio.,True,False,False,False,True,True,True,True,False,False,True,False,False,False,False,False,True,True,True,45.02,47.7848,51.3328,56.194,1.0229,1179154.0,-0.123,46.1261,44.9177,1.2084,48.5428,41.0,46.5873
2026-10-09,GOOGL,candidate,2026-10-08,254,trend_only,10,12,83.33,"[""pullback_ok"", ""bullish_turn_ok""]","Cumple tendencia, pero todavía no hay retroceso/vela señal válida.",True,True,False,False,True,True,True,True,True,True,True,False,False,False,False,False,False,True,True,348.29,344.8634,345.7745,339.456,8.8143,26666965.0,0.0073,357.1868,345.6386,11.5483,380.2833,4.0,360.7587
2026-10-09,IBE.MC,candidate,2026-10-07,257,almost_valid,11,12,91.67,"[""bullish_turn_ok""]","Tiene tendencia y parte del setup, pero le falta alguna condición final.",True,True,False,False,True,True,True,True,True,True,True,True,False,True,True,True,True,True,True,20.93,20.5144,20.3007,19.6838,0.33,9287926.0,0.031,21.061,20.737,0.324,21.7091,154.0,21.2717
2026-10-09,ITX.MC,candidate,2026-10-07,257,rejected,9,12,75.0,"[""close_above_sma200"", ""pullback_ok"", ""bullish_turn_ok""]",No cumple los filtros mínimos de tendencia/liquidez/precio.,True,False,False,False,True,True,True,True,False,True,True,False,False,False,True,False,True,True,True,53.34,53.7366,55.8636,54.109,1.0557,2102526.0,-0.0452,54.6746,53.2144,1.4602,57.595,34.0,55.2214
2026-10-09,IWM,candidate,2026-10-08,254,trend_only,10,12,83.33,"[""pullback_ok"", ""bullish_turn_ok""]","Cumple tendencia, pero todavía no hay retroceso/vela señal válida.",True,True,False,False,True,True,True,True,True,True,True,False,False,True,False,False,True,True,True,277.57,282.9232,291.1606,275.7764,3.7329,25698005.0,-0.0467,278.1078,274.1467,3.9611,286.03,12.0,280.8889
2026-10-09,META,candidate,2026-10-08,254,rejected,10,12,83.33,"[""distance_sma50_ok"", ""bullish_turn_ok""]",No cumple los filtros mínimos de tendencia/liquidez/precio.,True,False,False,False,True,True,True,True,True,True,False,True,False,True,True,True,True,True,True,720.89,707.7216,635.7985,628.8865,27.4304,21901350.0,0.1338,725.675,708.937,16.738,759.151,2.0,732.9317
2026-10-09,MSFT,candidate,2026-10-08,254,almost_valid,11,12,91.67,"[""bullish_turn_ok""]","Tiene tendencia y parte del setup, pero le falta alguna condición final.",True,True,False,False,True,True,True,True,True,True,True,True,False,False,True,True,True,True,True,522.61,511.0042,498.4921,432.4385,12.4286,22194530.0,0.0484,534.0435,517.5471,16.4964,567.0363,3.0,539.384
2026-10-09,NVDA,candidate,2026-10-08,254,almost_valid,11,12,91.67,"[""bullish_turn_ok""]","Tiene tendencia y parte del setup, pero le falta alguna condición final.",True,True,False,False,True,True,True,True,True,True,True,True,False,False,True,True,True,True,True,230.48,228.5893,221.2512,201.5988,5.3514,109061755.0,0.0417,237.3071,229.3149,7.9922,253.2915,6.0,239.6801
2026-10-09,QQQ,candidate,2026-10-08,254,almost_valid,11,12,91.67,"[""bullish_turn_ok""]","Tiene tendencia y parte del setup, pero le falta alguna condición final.",True,True,False,False,True,True,True,True,True,True,True,True,False,False,True,True,True,True,True,747.58,739.1712,722.6336,670.2056,9.7608,34260180.0,0.0345,757.9372,742.2539,15.6833,789.3037,3.0,765.5165
2026-10-09,REP.MC,candidate,2026-10-07,257,almost_valid,11,12,91.67,"[""bullish_turn_ok""]","Tiene tendencia y parte del setup, pero le falta alguna condición final.",True,True,False,False,True,True,True,True,True,True,True,True,False,False,True,True,True,True,True,28.64,29.3046,28.0344,22.2884,0.95,3590247.0,0.0216,29.1992,28.245,0.9542,31.1075,52.0,29.4912
2026-10-09,SAN.MC,candidate,2026-10-07,257,trend_only,10,12,83.33,"[""pullback_ok"", ""bullish_turn_ok""]","Cumple tendencia, pero todavía no hay retroceso/vela señal válida.",True,True,False,False,True,True,True,True,True,True,True,False,False,True,False,False,True,True,True,12.26,12.4422,12.6145,11.1209,0.3309,24364224.0,-0.0281,12.4324,11.9529,0.4795,13.3914,104.0,12.5567
2026-10-09,SPY,market_index,,254,market_ok,0,0,0.0,,Filtro de mercado general usado para permitir/bloquear nuevas entradas.,True,False,False,False,False,False,False,False,False,False,False,False,False,False,False,False,False,False,False,,,,,,,,,,,,,
2026-10-09,TSLA,candidate,2026-10-08,254,rejected,9,12,75.0,"[""close_above_sma200"", ""sma50_above_sma200"", ""bullish_turn_ok""]",No cumple los filtros mínimos de tendencia/liquidez/precio.,True,False,False,False,True,True,True,True,False,False,True,True,False,True,True,True,True,True,True,375.0,367.7876,353.268,391.1347,11.0664,35397855.0,0.0615,376.336,366.9234,9.4126,395.1611,5.0,380.0993
